compound_id,smiles,latent
0,CC1C2CCC(C2)C1CN(CCO)C(=O)c1ccc(Cl)cc1,
1,COc1ccc(-c2cc(=O)c3c(O)c(OC)c(OC)cc3o2)cc1O,
2,CCOC(=O)c1ncn2c1CN(C)C(=O)c1cc(F)ccc1-2,
3,Clc1ccccc1-c1nc(-c2ccncc2)no1,
4,CC(C)(Oc1ccc(Cl)cc1)C(=O)OCc1cccc(CO)n1,
5,Cc1nc2c(OCc3ccccc3)cccn2c1CC#N,
6,O=C1c2cccnc2CN1Cc1ccccc1Cl,
7,O=C(NC1CCc2ccccc2C1)c1ccncc1,
8,OC(Cn1cncn1)(Cn1cncn1)c1ccc(F)cc1F,
9,Cc1[nH]cnc1Cc1nc(-c2ccccc2)cs1,
10,COc1ccc(-c2nc3n(c2-c2ccncc2)CCC3)cc1,
11,CC(=O)NC(C(=O)NCc1ccccc1)c1ccco1,
12,COc1ccc(C2CNC(=O)C2)cc1OC1CCCC1,
13,CCCn1c(=O)c2[nH]c(C3CCC(=O)C3)nc2n(CCC)c1=O,
14,C=C1C(CO)C(O)CC1n1cnc2c(=O)[nH]c(N)nc21,
15,COc1cc(CNc2ccc(C)cc2)cc(OC)c1OC,
16,O=C(NCCc1cccc2ccccc12)C1CCC1,
17,O=C1c2ccccc2-c2c3c(cc4ccnc1c24)OCO3,
18,O=C(CN1C(=O)c2ccccc2S1(=O)=O)Nc1ccc(O)cc1,
19,Cc1ccc(Sc2cncc3sc(C(N)=O)cc23)cc1,
20,Cc1ccc2nc(N)[nH]c(=O)c2c1Sc1ccncc1,
21,COc1cc2ncc(NC3CCC(O)CC3)nc2cc1OC,
22,Nc1cnc(-c2cc(Cl)cc(Cl)c2Cl)c(N)n1,
23,CCN1c2ncccc2NC(=O)c2cc(Br)cnc21,
24,CC(C(=O)NC1CC1)S(=O)(=O)c1ccccc1Br,
25,Nc1nnc(-c2ccc(N)c(Cl)c2Cl)c(N)n1,
26,Cc1cc(NC(=O)Nc2ccc3c(ccn3C)c2)on1,
27,NS(=O)(=O)c1cc(C2(O)NC(=O)c3ccccc32)ccc1Cl,
28,c1ccc2[nH]c(CSc3ncnc4ccccc34)nc2c1,
29,CN(C)c1ncnc2c1ncn2C1OC(CO)C(O)C1O,
30,CNC(=O)OCc1c2ccncc2c(C)c2c1[nH]c1ccccc12,
31,COc1ccc(-c2cc(C(F)(F)F)n3nc(C(N)=O)cc3n2)cc1,
32,Cc1cc(C)n(-c2nc(N3CCOCC3)nc(N3CCOCC3)n2)n1,
33,Cc1ccc(S(=O)(=O)NCc2ccccc2)cc1,
34,CC(=O)Nc1ccc(S(=O)(=O)NC2CCCCC2)cc1,
35,O=C(Nc1nnc(C2CC2)s1)c1csc2ccccc12,
36,CCN(CC)C(=O)c1ccc(NC(C)=O)c(Cl)c1,
37,Cc1ccccc1C(=O)Nc1ccccc1C(=O)N1CCCC1,
38,Fc1ccccc1CSc1nnnn1-c1ccc2c(c1)OCO2,
39,CS(=O)(=O)N(Cc1ccccc1)Cc1ccccc1,
40,CC1CCCN(C(=O)c2ccc(Br)cc2)C1,
41,COc1ccc(CNC(=O)c2ccccc2Cl)cc1,
42,CCOC(=O)c1ccc(NC(=O)Cc2ccccc2)cc1,
43,O=S(=O)(c1ccccc1)N(Cc1ccccc1)c1ccccn1,
44,CCOC(=O)C1CCN(C(=O)c2ccccc2Br)CC1,
45,COC(=O)c1ccc(NC(=O)Cc2ccc(OC)cc2)cc1,
46,COC(=O)c1ccc(NC(=O)c2c(OC)cccc2OC)cc1,
47,Cc1cc(Br)ccc1NC(=O)c1cccnc1,
48,CC(=O)Nc1cccc(NS(=O)(=O)c2ccc(F)cc2)c1,
49,Cc1cccc(=NS(=O)(=O)c2cc(Cl)ccc2Cl)[nH]1,
50,CC(=O)Nc1ccc(S(=O)(=O)NCc2ccc(C)cc2)cc1,
51,Cc1cc(Br)ccc1NC(=O)C(C)C,
52,CCNC(=O)c1c(-c2ccccc2Cl)noc1C,
53,CN(Cc1ccccc1)S(=O)(=O)c1ccc(Br)cc1,
54,COc1ccc(C(=O)Nc2ccccc2C(C)C)cc1OC,
55,O=C(c1ccco1)N1CCN(c2cccc(Cl)c2)CC1,
56,COc1cccc(C(=O)Nc2nc3ccccc3s2)c1,
57,CCOc1ccccc1NC(=O)c1ccc(N(C)C)cc1,
58,CC(=O)Nc1ccc(C(=O)NC(C)c2ccccc2)cc1,
59,CC(=O)Nc1ccc(C(=O)NCc2cccnc2)cc1,
60,CC(=O)Nc1ccc(C(=O)N2CCc3ccccc32)cc1,
61,CC(=O)Nc1ccc(C(=O)Nc2cccnc2)cc1,
62,CC(=O)Oc1ccccc1C(=O)n1cnc2ccccc21,
63,CC(=O)Oc1ccccc1C(=O)Nc1ccc(S(N)(=O)=O)cc1,
64,NC(=O)c1ccccc1NC(=O)c1cc(Cl)ccc1Cl,
65,NC(=O)c1ccccc1NC(=O)CC(c1ccccc1)c1ccccc1,
66,NS(=O)(=O)c1ccc(CNC(=O)N2CCOCC2)cc1,
67,CCCC(C)NS(=O)(=O)c1ccc(Cl)cc1,
68,CCC(C(=O)NCc1ccccn1)c1ccccc1,
69,O=C(Cc1cccs1)Nc1ccc(Cl)cc1,
70,CC(Oc1ccccc1)C(=O)Nc1ccccc1F,
71,CC(C)NC(=O)Cc1ccc(Br)cc1,
72,CCN(Cc1ccccc1)C(=O)Cc1cccs1,
73,CC(=O)Nc1cccc(NC(=O)Cc2ccc(Br)cc2)c1,
74,N#Cc1ccccc1NC(=O)Cc1ccc(Br)cc1,
75,CCOc1ccccc1NC(=O)Cc1cccs1,
76,NC(=O)c1ccc(NC(=O)Cc2cccs2)cc1,
77,COc1cc(SC)ccc1C(=O)N1CCc2ccccc2C1,
78,COc1cc(SC)ccc1C(=O)Nc1ccc(NC(C)=O)cc1,
79,COc1cc(SC)ccc1C(=O)Nc1ccc(C(N)=O)cc1,
80,CC(Oc1ccccc1)C(=O)NCc1ccncc1,
81,CCOC(=O)C1CCCN(C(=O)c2ccccc2F)C1,
82,CC(=O)Nc1nonc1NC(=O)c1ccccc1Cl,
83,Cc1cc(NC(=O)Nc2cccc3ccccc23)no1,
84,Cc1nc2ccccc2c(=O)n1-c1ccc(F)c(F)c1F,
85,COc1cc(OC)cc(C(=O)Nc2cc(C)on2)c1,
86,CCOc1ccc(C(=O)Nc2ccc(N(C)C(C)=O)cc2)cc1,
87,CC(=O)Oc1ccccc1C(=O)NCc1ccc2c(c1)OCO2,
88,CCOC(=O)c1cccc(NC(=O)N2CCOCC2)c1,
89,NS(=O)(=O)c1ccc(CCNC(=O)N2CCOCC2)cc1,
90,CC(=O)N(C)c1ccc(NC(=O)N2CCOCC2)cc1,
91,CCOC(=O)C1CCCN(C(=O)Cc2ccc(Cl)cc2)C1,
92,Cc1nnc(NC(=O)Cc2ccc(Br)cc2)s1,
93,CCC(C)C(=O)NCCc1ccc(S(N)(=O)=O)cc1,
94,Cn1c(=O)c2cc(C#N)c(=O)oc2c2ccccc21,
95,c1cnc2c(SCC3CCOCO3)cccc2c1,
96,O=C(CSc1nc2ncccc2[nH]1)N1CCOCC1,
97,Cn1c(=O)c2c(nc3n(CCO)c(-c4cccs4)cn23)n(C)c1=O,
98,Cn1c(SCc2ccc3c(c2)OCO3)nc2ccccc2c1=O,
99,O=C(Nc1ccccc1C(=O)NCc1ccco1)c1ccc(F)cc1,
100,O=C1CC(C(=O)NCCc2ccccc2)C2(CCCCC2)O1,
101,Cc1nc2ccccc2c(=O)n1NC(=O)c1ccc(F)cc1,
102,COc1ccc(C(=O)NCc2ccc(Cl)cc2)cc1OC,
103,CCN(CC)S(=O)(=O)c1cccc(C(=O)Nc2cc(C)ccn2)c1,
104,Cc1onc(-c2c(F)cccc2Cl)c1C(=O)NCc1ccncc1,
105,COc1ccc(-n2nnnc2SCc2nc3ccccc3[nH]2)cc1,
106,C#CC(C)(CC)NC(=O)CN1c2cccc3cccc(c23)S1(=O)=O,
107,Nc1nonc1C(=O)OCC(=O)N1CCCCC1,
108,CC1(C(=O)NCc2ccco2)COC(c2ccccc2)OC1,
109,CCNS(=O)(=O)c1ccc(C)c(-n2cnnn2)c1C,
110,Cc1ccccc1N1CCN(C(=O)c2ccccc2O)CC1,
111,O=C(Nc1ccccc1Cl)c1cc2c([nH]c1=O)CCCC2,
112,O=C(Nc1ccccc1)c1ccc(-c2ccccc2)[nH]c1=O,
113,NC(=O)CSc1nc2ccccc2n1C(=O)Oc1ccccc1,
114,Cc1nn(C(=O)c2ccco2)c(C)c1Br,
115,Cc1nc2sccn2c1-c1csc(Nc2ccccn2)n1,
116,COc1cc(C2CC(=O)Nc3ccc4ccccc4c32)cc(OC)c1O,
117,Cc1ccc(N2C(=O)c3ccccc3NC2(C)C)cc1Cl,
118,Cc1oc2c(c1C(=O)Nc1ccc3c(c1)OCO3)CCCC2,
119,CCC(=O)Nc1nc(C)cc2c1c(=O)oc1ccccc12,
120,CCOC(=O)Cc1c(C)nc2c(C#N)c(C)nn2c1C,
121,COc1ccccc1C(=O)Nc1ccc2c(c1)OCO2,
122,N#Cc1c(NC(=O)c2ccc3c(c2)OCO3)sc2c1CCCC2,
123,COc1ccccc1C(=O)Nc1ccc(S(N)(=O)=O)cc1,
124,COc1ccc(NC(=O)c2cccc(F)c2)c(OC)c1,
125,COc1ccccc1C(=O)Nc1sc(C)c(C)c1C(N)=O,
126,COc1ccccc1C(=O)Nc1nc(C)c(C(C)=O)s1,
127,CCC(C(=O)Nc1cccc(NC(C)=O)c1)c1ccccc1,
128,CCOc1ccc(C(=O)NCc2ccccn2)cc1,
129,COc1ccccc1NC(=O)Cc1ccc(F)cc1,
130,COC(=O)Nc1c(C)cc(Br)cc1C,
131,COc1cc(C(=O)NCc2ccccc2F)cc(OC)c1OC,
132,O=C(NCc1ccccn1)C(c1ccccc1)c1ccccc1,
133,Cc1ccc(NC(=O)c2cccc(C(=O)Nc3ccc(C)cn3)c2)nc1,
134,O=C(Nc1ccc(Br)cn1)c1cc2ccccc2o1,
135,O=C(CSc1nnnn1-c1ccccc1)NCc1ccco1,
136,O=C(CSc1cccc2cccnc12)Nc1ccccc1,
137,COc1cc(C)ccc1S(=O)(=O)NCc1ccco1,
138,Cc1cc(N)n(-c2ccc(OC(F)(F)Cl)cc2)n1,
139,CCOc1ccc(NC(=O)CSc2ncccn2)cc1,
140,COc1ccc(S(=O)(=O)c2cc(O)ccc2O)cc1,
141,CCOC(=O)c1c(C)n(C)c2cc(Br)c(O)cc12,
142,Cn1c(=O)c2c(nc(SCC(=O)NC(C)(C)C)n2C)n(C)c1=O,
143,c1csc(-c2cn3nc4c(nc3n2)CCCC4)c1,
144,O=C(NCc1cccnc1)NC1(c2ccccc2)CC1,
145,CSc1c(C(N)=O)c(C(N)=O)c2nc(C)cc(C)n12,
146,CCOc1ccc(NC(=O)Cc2ccccc2OC)cc1,
147,COc1ccc(CCC(=O)Nc2cccc(C)n2)cc1,
148,Cc1ccccc1OCC(=O)Nc1ccc(CC#N)cc1,
149,O=C(c1ccc(Cl)cc1Cl)N1CCCCC1,
150,COc1ccc(C(=O)N2CCN(c3ccc(F)cc3)CC2)cc1,
151,O=S(=O)(NCc1ccccn1)c1ccc(F)cc1,
152,COc1ccc(CCNC(=O)c2c(C)nc3ccccn23)cc1,
153,N#CCn1nnc(C(=O)c2ccco2)c1-c1ccccc1,
154,Cc1ccc(S(=O)(=O)CC(=O)NC2CC2)cc1,
155,Cc1ccc(-c2nnc(-n3ncc(C#N)c3N)c3ccccc23)cc1,
156,Cc1noc(C)c1COc1ccc2c(C)cc(=O)oc2c1,
157,O=C(Cn1cnc2ccccc2c1=O)c1ccc(F)cc1,
158,O=C(NCCc1ccccc1F)c1ccc2ccccc2n1,
159,COc1ccc(-c2csc(N3CCOCC3)n2)cc1OC,
160,O=C(Nc1cccc2c(NC(=O)c3ccco3)cccc12)c1ccco1,
161,CC(=O)c1ccc(NC(=O)c2ccccc2Cl)cc1,
162,O=c1cc(-c2cccc(O)c2)oc2cc(O)ccc12,
163,O=S(=O)(Nc1cccnc1)c1ccc(F)cc1,
164,CCOC(=O)N1CCN(c2nc(-c3ccc(OC)cc3)cs2)CC1,
165,COc1ccccc1OCC(=O)NC1CCCCC1,
166,COc1cccc(-c2oc3ccccc3c(=O)c2O)c1,
167,COc1cccc(-c2cc(=O)c3cc(O)ccc3o2)c1,
168,COc1cccc2oc(-c3ccc(O)cc3)cc(=O)c12,
169,O=C(CSc1nc2ccccc2s1)Nc1nccs1,
170,COc1ccc(C(=O)Nc2c[nH]c(=O)[nH]c2=O)cc1,
171,CCOC(=O)c1c(NC(C)=O)sc(C(C)=O)c1C,
172,CCOC(=O)C(C)Oc1ncnc2cccc(F)c12,
173,CC(=O)c1cc(Cl)ccc1OC(=O)c1cccnc1,
174,COC(=O)c1cccnc1Oc1cccc(C(F)(F)F)c1,
175,O=S(=O)(NCc1ccc2c(c1)OCO2)c1ccc(F)cc1,
176,COC(=O)C1=C(C)NC(=O)NC1c1ccc(O)c(OC)c1,
177,COC(=O)Nc1ccc(S(=O)(=O)Nc2ccccc2OC)cc1,
178,CCCc1cc(=O)oc2cc(OCC(=O)OC)ccc12,
179,O=C1CCCCCC1C1(O)C(=O)Nc2ccccc21,
180,O=C(Nc1ccccc1)c1cc2ccccc2oc1=O,
181,NC(=O)c1c(NC(=O)Cc2ccccc2)sc2c1CCCC2,
182,Cc1nnc(NC(NC(=O)c2ccco2)C(=O)c2ccccc2)s1,
183,COc1cc(C(=O)Nc2ccccc2Cl)cc(OC)c1OC,
184,Cc1ccc(N2CC(O)Cn3c2nc2c3c(=O)[nH]c(=O)n2C)cc1,
185,Cc1c(NC(=O)c2cccc(F)c2)c(=O)n(-c2ccccc2)n1C,
186,CC(C)(C)C(=O)C(Oc1ccc(Cl)cc1)n1cnnc1,
187,Cc1ccccc1NC(=O)c1c[nH]c2ccccc2c1=O,
188,O=C(Nc1ccc2[nH]c(=O)[nH]c2c1)c1cccc(F)c1,
189,CCOc1nc2ccccc2c(=O)n1Cc1ccccc1,
190,COC(=O)COc1cc(C)cc2oc(=O)c3c(c12)CCCC3,
191,Cc1cccc(Cn2c(SC(C)C)nc3c2c(=O)[nH]c(=O)n3C)c1,
192,COc1ccccc1C1NC(=O)NC(C)=C1C(=O)OCC(C)C,
193,CCOC(=O)C1C(=O)CC(C)(O)C(C(=O)OCC)C1c1ccco1,
194,CCOC(=O)C1C(=O)C(=O)N(c2ccccc2)C1c1ccccc1,
195,COc1cc(C(=O)Nc2nccs2)cc(OC)c1OC,
196,O=c1nc(C(Cl)(Cl)Cl)nc2ccccn12,
197,CCOC(=O)CSc1nnnn1-c1ccc(C(N)=O)cc1,
198,Cn1c(-c2nonc2NC(=O)c2ccc(F)cc2)nc2ccccc21,
199,O=c1c2ccccc2n2nnnc2n1-c1ccccc1,
200,O=C(CCC(=O)Nc1nccs1)Nc1nccs1,
201,CCc1cc(C(=O)Cc2nc(C)cs2)c(O)cc1O,
202,COC(=O)C(Cc1ccc(O)cc1)NC(=O)c1ccco1,
203,CCOC(=O)c1c(NC(=O)CC)sc(C(C)=O)c1C,
204,COc1ccc(OCC(=O)NCc2ccccc2)cc1,
205,O=C(COc1ccccc1)Nc1ccccc1Cl,
206,CC(=O)c1ccc(NC(=O)Nc2ccccc2)cc1,
207,CCC(=O)Nc1ccc(NCC(=O)Nc2ccc(F)cc2)cc1,
208,Cc1cccc(OCC(=O)N2CC(=O)Nc3ccccc32)c1,
209,CCOC(=O)C1=C(C)NC(=O)NC1C=Cc1ccccc1,
210,Cc1cc(=O)oc2cc(OCC(=O)Nc3ccccn3)ccc12,
211,Cn1ccnc1SCC(=O)Nc1ccc(Cl)c(C(F)(F)F)c1,
212,O=S(=O)(c1cc(Cl)ccc1Cl)n1ccnc1,
213,CC(=O)Oc1ccc(C=c2sc3nc4ccccc4n3c2=O)cc1,
214,O=C(NC1CCCCC1)C1CC(O)CN1C(=O)OCc1ccccc1,
215,CC(=O)Oc1cccc(C=c2sc3nc4ccccc4n3c2=O)c1,
216,COc1ccc(CCN2C(=O)OC(C)(C)C2(C)O)cc1OC,
217,CC(=O)Oc1ccc(C(=O)Nc2ccc(F)cc2)cc1,
218,COc1ccccc1CNC(=O)c1ccc(OC(C)=O)cc1,
219,CC(=O)Oc1ccc(C(=O)Nc2ccccc2C(C)C)cc1,
220,CCOC(=O)CSc1nc(CC)c(C)cc1C#N,
221,OC1COC(Nc2ccc(Br)cc2)C(O)C1O,
222,O=C(NCc1ccc2c(c1)OCO2)c1cccs1,
223,Cn1c(=O)n(C)c2cc(C(=O)c3ccccc3)ccc21,
224,N#Cc1ccc(-c2ccccc2)nc1SCC(N)=O,
225,Cc1ccc(N2CC(C(=O)NC(C)c3ccccc3)CC2=O)cc1,
226,COCc1cc(C)nc(SCc2ccccc2)c1C#N,
227,COC(=O)c1ccccc1NC(=O)CSc1nc(C)cc(C)n1,
228,CCOC(=O)c1cc(C(=O)OCC)c(C)nc1C,
229,O=C(NC1CCCCC1)C1CC(=O)N(c2ccccc2)C1,
230,O=C(CSc1nc2ccccc2o1)Nc1ccc(Cl)cn1,
231,Cc1cc(C)nc(SCC(=O)Nc2ccc(Cl)cn2)n1,
232,N#Cc1ccc(NC(=O)CSc2ccccn2)cc1,
233,Cc1cc(C(F)(F)F)c(C#N)c(SCC(=O)NC2CC2)n1,
234,COC(=O)c1ccc(OCC(=O)Nc2nc3c(s2)CCCC3)cc1,
235,O=C(Nc1nc(-c2ccc(F)cc2)cs1)c1cccnc1,
236,Nc1nonc1C(=O)OCC(=O)Nc1ccccc1,
237,Nc1ccc2nc(SCC(=O)Nc3ccccc3F)sc2c1,
238,CCCC(=O)Nc1nnc(C2CCCCC2)s1,
239,N#Cc1c(NC(=O)CSc2ccccn2)sc2c1CCCC2,
240,O=C(Nc1ccc(Cl)c(C(=O)N2CCOCC2)c1)c1ccccc1,
241,Nc1nc(-c2cccnc2)nc2c1c(=O)oc1ccccc12,
242,CCc1ccc(NC(=O)CSc2nnc3n(N)cnn23)cc1,
243,CC(Cc1ccc2c(c1)OCO2)N(C)C(=O)c1ccc(F)cc1,
244,Clc1cccc(Cl)c1COc1ccccc1CNn1cnnc1,
245,CC(=O)Nc1nnc(Cc2c[nH]c3ccccc23)s1,
246,O=c1c2ccccc2ncn1-c1ccc(F)c(Cl)c1,
247,Cc1c(C(=O)N2CCCC2)nnn1-c1nonc1N,
248,Nc1c(C(=O)C2CC2)oc2ccc(Br)cc12,
249,Cc1ccc(N2CC(C(=O)Nc3cccc(C)n3)CC2=O)cc1,
250,O=C(c1cc(F)c(F)cc1Br)N1CCOCC1,
251,Cc1cc(C)nc(SCC(O)COCc2ccccc2)n1,
252,Cn1ccnc1SCC(=O)c1cc2ccccc2oc1=O,
253,CCOc1cc(NC(=O)c2ccccc2)c(OCC)cc1N,
254,COc1ccc(C2c3c(noc3C)CC(C)(O)C2C(C)=O)cc1,
255,CC1(C)Nc2ccccc2C(=O)N1c1cccc(C(F)(F)F)c1,
256,O=C(c1ccccc1)c1ccccc1C(=O)N1CCOCC1,
257,O=C(COc1ccc(Cl)cc1)Nc1ncccn1,
258,CC(=O)Nc1scc(-c2ccccc2)c1C(=O)N1CCOCC1,
259,COc1ccc(C(=O)Nc2ccncc2)c(OC)c1,
260,CN(C)c1cccc(NC(=O)Cc2ccc(F)cc2)c1,
261,COc1ccc(C(=O)CSc2nncn2C)cc1,
262,O=C(CSc1nc2ccccc2[nH]1)c1cccs1,
263,Cc1nnc(SCC(=O)c2ccc(Cl)cc2)s1,
264,O=C(CSc1nnc2ccccn12)NCc1ccco1,
265,CC1(C)COC(O)(C(Cl)(Cl)Cl)CC1=O,
266,Cc1ccc(NC(=O)C2CC=CCC2C(=O)N2CCCCC2)cc1,
267,NS(=O)(=O)c1ccc(CCNC(=O)c2cccs2)cc1,
268,CCOC(=O)Cc1c(SC)c2ccccc2n1C,
269,O=C(NCc1ccco1)c1ccc(Cl)cc1Cl,
270,O=C(CCS(=O)(=O)c1ccc(F)cc1)N1CCOCC1,
271,COc1ccc(C(=O)Nc2cccnc2)c(OC)c1,
272,COc1ccc(NC(=O)c2ccc3nc(C)c(C)nc3c2)cc1,
273,CCC(=O)N1c2ccccc2C(Nc2ccccc2)CC1C,
274,FC1(F)C2C3OC(C4C5C=CC(O5)C34)C2C1(F)F,
275,COC(=O)c1cc(CC(=O)c2ccc(O)cc2O)c(C)o1,
276,O=c1cnn2c(=O)c(=Cc3ccccc3Br)sc2n1,
277,CCOC(=O)c1ccccc1NC(=O)C1COc2ccccc2O1,
278,O=C1NC2C(NC(=O)N2Cc2ccccc2)N1Cc1ccccc1,
279,CN(C)C(=O)CSc1nnc(-c2cccnc2)n1-c1ccccc1,
280,Nc1nccc(Nc2ccc(S(N)(=O)=O)cc2)n1,
281,CN1C(=O)CN(C(=O)OCc2ccccc2)C1C(C)(C)C,
282,CN1C(=O)CN(C(=O)OC(C)(C)C)C1C(C)(C)C,
283,COC(=O)C1CC(C(=O)OC)CC(C(=O)OC)C1,
284,CC(=O)Nc1ccc(Oc2ccc(NC(C)=O)cc2)cc1,
285,OCCc1ccc(O)c(-n2nc3ccccc3n2)c1,
286,COc1cc2c(CCNC(C)=O)c[nH]c2cc1Cl,
287,Cc1cc(C)nc(NS(=O)(=O)c2ccc(N)cc2)n1,
288,CC(=O)Oc1ccc2c(C(F)(F)F)cc(=O)oc2c1,
289,O=c1cc(-c2ccccc2O)oc2cccc(O)c12,
290,COc1ccc(-c2cc(=O)c3cc(O)ccc3o2)cc1,
291,COc1cccc(-c2oc3ccccc3c(=O)c2O)c1OC,
292,COc1ccc(-c2oc3ccccc3c(=O)c2O)c(OC)c1,
293,COc1cccc(C2CC(=O)c3ccccc3O2)c1OC,
294,COc1ccc(C(=O)Cc2ccc(OC)c(OC)c2)c(O)c1,
295,COc1cc(C=C2OC(=O)c3c2cc(C)[nH]c3=O)ccc1O,
296,O=S(=O)(NCc1ccco1)c1ccc(Cl)cc1,
297,O=C(c1cc2ncc(Br)cn2n1)N1CCOCC1,
298,O=C(COc1ccc(Cl)cc1)N1CCOCC1,
299,Cc1cccc(C)c1NC(=O)CSc1nc2ccc(N)cc2s1,
300,CCOC(=O)C1CCN(C(=O)c2cc(Cl)ccc2Cl)CC1,
301,CCc1cccc(C)c1NC(=O)c1cccc(N(C)C)c1,
302,CN(C)c1cccc(C(=O)N2CCN(c3ccc(F)cc3)CC2)c1,
303,CSc1nc2ccccc2n1CC(=O)Nc1ccccc1,
304,Cc1onc(-c2ccccc2)c1C(=O)NCC1CCCO1,
305,NC(=O)c1sc2nc(-c3ccncc3)ccc2c1N,
306,CCOC(=O)c1c(NC(=O)C2CCCO2)sc2c1CCCC2,
307,O=C(CN1C(=O)C2(OCCO2)c2ccccc21)c1ccc(Cl)cc1,
308,COc1ccc2c(=O)cc(C(F)(F)C(F)F)oc2c1,
309,CCOC(=O)n1c(SCC(N)=O)nc2ccccc21,
310,Cc1cc(C)c(C#N)c(SCC(=O)NC2CC2)n1,
311,CCCc1c(C(=O)OCC)nnn1-c1nonc1N,
312,COc1ccc(NC(=O)c2cc(OC)cc(OC)c2)cc1,
313,Cc1ccc2cc(NC(=O)c3ccccc3F)ccc2n1,
314,Cc1ccc(-c2csc3nc(C)n(N)c(=O)c23)cc1,
315,O=C1CN(C(=O)c2ccc(F)cc2)c2ccccc2N1,
316,CC(=O)Nc1c(C(=O)N2CCCCCC2)cnn1-c1ccccc1,
317,Cc1cccc(OCC(=O)Nc2ccc3c(c2)OCO3)c1,
318,CCS(=O)(=O)c1ccc(O)c(NC(=O)COc2ccc(C)cc2)c1,
319,Cc1ccc(NC(=O)C(C)C)c(Br)c1,
320,CN(C(=O)c1ccccc1Cl)C1CCCCC1,
321,Cc1cc(OCC(=O)NCc2ccco2)ccc1Cl,
322,COc1cc(C(=O)NC(C)C)cc(OC)c1OC,
323,COc1cc(C(=O)N(C(C)C)C(C)C)cc(OC)c1OC,
324,O=c1oc(-c2ccco2)nc2sc3c(c12)CCC3,
325,Cc1nc2c(cnn2-c2ccccc2)c(=O)n1-c1cccnc1,
326,CCOC(=O)c1c(NC(=O)c2ccncc2)sc2c1CCC2,
327,CC1=C(C(=O)Nc2cccnc2)C(c2ccc(O)cc2)n2ncnc2N1,
328,CC1=C(C(=O)Nc2ccccc2)C(c2cccc(O)c2)n2ncnc2N1,
329,CC1=C(C(=O)Nc2ccccc2)C(c2ccccc2)n2nnnc2N1,
330,Cc1nc(-c2ccc(S(=O)(=O)NCc3ccco3)s2)cs1,
331,O=C(Nc1ccc(Cl)c(Cl)c1)N1CCC(O)CC1,
332,Cc1nc(C(F)(F)F)ccc1C(=O)Oc1ccc2c(c1)OCO2,
333,Cc1nc(C(F)(F)F)ccc1C(=O)Nc1ccccc1F,
334,CCc1cccc(C)c1NC(=O)N1CCN(C(=O)OC(C)(C)C)CC1,
335,c1ccc(-c2csc3ncnc(N4CCOCC4)c23)cc1,
336,CC(O)CNc1ncnc2scc(-c3ccccc3)c12,
337,CCOC(=O)C1=C(C)Nc2nnnn2C1c1cc(OC)ccc1OC,
338,CCSc1nc2ccccc2n1CC(=O)Nc1c(C)cccc1C,
339,O=C(OCn1nnc2ccccc2c1=O)c1ccc(F)cc1,
340,Cc1cc(C)nc(SCc2cn3cccnc3n2)n1,
341,CCOC(=O)C1=C(C)N(C)C(=O)NC1c1ccc(OC)c(OC)c1,
342,Cn1c(=O)c2c(nc(N3CCCC3)n2CC(O)CO)n(C)c1=O,
343,COC(=O)c1ccccc1NC(=O)c1cc(OC)cc(OC)c1,
344,CN(C)c1ccc(C(=O)Nc2ccc(S(N)(=O)=O)cc2)cc1,
345,CC(=O)Nc1ccccc1C(=O)N1CCN(c2ccccc2)CC1,
346,O=C(Nc1ccc(F)cc1)c1c(F)cccc1F,
347,COc1cc2c(cc1OC)C(c1c(-c3ccccc3)noc1C)=NCC2,
348,CCCC1CCc2c(sc(NC(=O)c3ccncc3)c2C(N)=O)C1,
349,O=C(Nc1ccc2c(c1)COCO2)c1cc2ccccc2oc1=O,
350,Cc1ccc(-c2csc(NC(=O)c3cccnc3)n2)cc1,
351,COc1cccc(OC)c1C(=O)Nc1ccccn1,
352,O=C(NCC1COc2ccccc2O1)c1ccco1,
353,CCC(=O)Nc1ccc(C(=O)c2ccccc2)cc1,
354,Cc1cccc(C(=O)Nc2nc3ccc(S(C)(=O)=O)cc3s2)c1,
355,c1nc(N2CCOCC2)c2c3c(sc2n1)CCCCC3,
356,CCCN(c1nc(C)cc(OC)n1)S(=O)(=O)c1ccc(C)cc1,
357,CCCN(c1nc(C)cc(OC)n1)S(=O)(=O)c1ccccc1,
358,COc1ccc(-n2nnnc2-c2cnc(N)nc2-c2ccccc2)cc1,
359,O=C(COc1ccccc1)N1CCN(C(=O)c2ccco2)CC1,
360,O=C(c1ccncc1)N1CCN(C(=O)c2cccc(F)c2)CC1,
361,O=C(COc1ccccc1)N1CCN(C(=O)Cc2ccccc2)CC1,
362,Cc1nc(C)c(C(=O)Nc2ccc(Cl)cc2)s1,
363,O=c1nc2n(-c3ccc(F)cc3)c3ccccc3cc-2c(=O)[nH]1,
364,O=C(Nn1cnc2ccccc2c1=O)c1ccc(Cl)cc1Cl,
365,COc1cccc(C(=O)Nn2nnc3ccccc3c2=O)c1,
366,COc1cccc(N(C(C)=O)c2nc(C)cc(C)c2C#N)c1,
367,CC(=O)Nc1ncc2c(n1)CC(c1ccc(C)cc1)CC2=O,
368,NS(=O)(=O)c1ccc(-n2ncc3ccccc3c2=O)cc1,
369,COc1ccc(CC(=O)Nc2c[nH]c(=O)[nH]c2=O)cc1,
370,Cc1ccccc1OCC(=O)Nc1c[nH]c(=O)[nH]c1=O,
371,COc1cc2nc(CCc3ccccc3)oc(=O)c2cc1OC,
372,O=C(Nc1ccccc1)c1ccccc1NC(=O)C1CC1,
373,CC(=O)Nc1ccc(Cc2ccc(NC(C)=O)cc2)cc1,
374,CC1=C(C(=O)Nc2ccc(C)cc2)C(c2cccs2)NC(=O)N1,
375,COC(=O)C1=C(C)Nc2nnnn2C1c1ccccc1OC,
376,COC(=O)C1=C(C)Nc2nnnn2C1c1cccc(OC)c1OC,
377,COC(=O)c1cccc(-n2c3nc(=O)[nH]c(=O)c-3cc3ccccc32)c1,
378,COc1ccc(OC)c(C2NC(=O)NC(C)=C2C(N)=O)c1,
379,O=C(NCc1ccc2c3c(cccc13)C(=O)N2)c1ccccc1F,
380,CCC(=O)NCc1ccc2c3c(cccc13)C(=O)N2,
381,O=C(NCC1OCCc2ccccc21)c1ccc(F)cc1,
382,COc1cccc(OC)c1C(=O)OCC(=O)c1ccccc1,
383,Cc1cc(=O)oc2cc(OC(=O)N(C)C)c(Cl)cc12,
384,COc1cc(C(=O)N2C(C)CCCC2C)cc(OC)c1OC,
385,CCOC(=O)c1c(NC(C)=O)sc2c1CC(C)(CC)OC2,
386,COc1cccc(Nc2ncnc3c2cnn3C)c1,
387,CC1=C(C(=O)OC(C)C)C(c2ccc(OCC(N)=O)cc2)NC(=O)N1,
388,Cc1cccc(C)c1NS(=O)(=O)c1ccc(N)cc1,
389,COC(=O)C1=C(C)NC(=O)NC1c1ccc(OCC(N)=O)cc1,
390,CC(C)(C)NS(=O)(=O)c1ccc(NC(=O)c2cccs2)cc1,
391,Cc1cc(C)c(C#N)c(S(=O)(=O)Cc2ccc(Cl)cc2)n1,
392,O=C(Cc1cccs1)Nc1nnc(C(F)(F)F)s1,
393,CC(C)Cc1nnc(NC(=O)Cc2ccc(F)cc2)s1,
394,Cc1cc(C(=O)Nc2cccc(OC(C)C)c2)c(C)o1,
395,CCOC(=O)C1C(=O)CC(C)(O)C(C(=O)OCC)C1c1cccnc1,
396,CSc1nc2ccccc2c(=O)n1-c1cccnc1,
397,Cc1ccc(-n2ncc3c(NCC4CCCO4)ncnc32)c(C)c1,
398,O=S(=O)(NCc1ccccc1)c1ccccc1F,
399,CC1CCN(S(=O)(=O)c2cccc(C(F)(F)F)c2)CC1,
400,O=S(=O)(c1c(Cl)cccc1Cl)N1CCCCC1,
401,COc1cc2nc(C(C)(C)C)oc(=O)c2cc1OC,
402,Cc1cccc(-n2c(=O)oc3cccc(F)c3c2=O)c1,
403,COC(=O)c1sc(S(=O)(=O)N2CCCC2)c(C(=O)OC)c1C,
404,Cc1ccc(NC(=O)C2COc3ccccc3O2)nc1,
405,Cc1ccc(NS(=O)(=O)c2ccccc2C#N)c(C)c1,
406,Cc1ccc(NS(=O)(=O)c2ccccc2C#N)cc1C,
407,N#Cc1ccccc1S(=O)(=O)N1CCCCC1,
408,Cc1ccc(S(=O)(=O)CC(O)CN2CCCC2=O)cc1,
409,CN(C)c1nc2c(N)ncnc2n1C1OC(CO)C(O)C1O,
410,Oc1ccc(CNc2cccc(F)c2)c2cccnc12,
411,COc1cccc(OC)c1NC(=O)N1CCOCC1,
412,Cc1onc(-c2c(Cl)cccc2Cl)c1CO,
413,Cc1onc(-c2c(Cl)cccc2Cl)c1C#N,
414,COc1ccccc1C(=O)Nc1c(C)n(C)n(-c2ccccc2)c1=O,
415,Cc1cc(OC(=O)N(C)C)nc(-c2cccs2)n1,
416,Cc1cc(C)c(C#N)c(SCC(=O)c2ccc3c(c2)OCO3)n1,
417,CCOC(=O)Cn1cc(Cl)c(=O)c(Cl)c1,
418,Cc1cc(NC(=O)CSc2nnc(C)s2)no1,
419,COC(=O)c1c(NC(=O)CSc2ncccn2)sc2c1CCC2,
420,COc1ccc2oc(C(=O)c3ccccc3)c(N)c2c1,
421,Cc1cccc(NC(=O)CSc2nc(N)cc(N)n2)c1,
422,CC(C)(C)N1C(=O)NC2C1NC(=O)N2C(C)(C)C,
423,O=C1NCCc2c1[nH]c1c(Cl)ccc(Cl)c21,
424,NC(=O)c1oc2ccccc2c1NC(=O)CSc1ccccn1,
425,O=C(Nc1cnccc1C(F)(F)F)NC1CCCCC1,
426,COc1cc(C(F)(F)F)c(C(=O)NCc2ccc(Cl)cc2)cn1,
427,CCc1cccc(C)c1NC(=O)c1cnccc1C(F)(F)F,
428,O=C(Nc1ccc(C(F)(F)F)cc1)c1cnccc1C(F)(F)F,
429,N#CCc1ccc(OC(=O)c2cnccc2C(F)(F)F)cc1,
430,COC(=O)C(NC(=O)c1c(C)cc(C)cc1C)C(C)C,
431,OCCN(CCO)c1ncnc2sc3c(c12)CCCC3,
432,CC1(C)CC(=O)c2c(nn(-c3ccccc3)c2N)C1,
433,Cc1cc(C)n(C(=O)c2c(F)c(C)cc(F)c2F)n1,
434,Cn1nccc1C(=O)Nc1sc2c(c1C#N)CCC2,
435,CCOC(=O)c1cnn2c1nc(N)c1ccccc12,
436,CCC(=O)Nc1nc2cc3nc(NC(=O)CC)sc3cc2s1,
437,Cc1ccc(NC(=O)C2CCCN2C(=O)OC(C)(C)C)c(C)c1,
438,CC1=C(C(=O)Nc2ccccc2C)C(c2cccnc2)n2nnnc2N1,
439,Nc1cccc(F)c1-c1nc(-c2ccncc2)n[nH]1,
440,COc1cc(-c2nc3ccccc3c(=O)o2)cc(OC)c1OC,
441,CC(=O)C1C(c2ccc(Cl)cc2)NC(=O)NC1(O)C(F)(F)F,
442,Cc1cc(=O)oc2ccc(OC(=O)CC(C)C)cc12,
443,Cc1nn(C(=O)Cc2ccccc2)c(C)c1Br,
444,Cc1sc2ncn3cnnc3c2c1-c1ccc(F)cc1,
445,Cc1cc(OCc2cn3cccnc3n2)ccc1Cl,
446,Cc1cccc(N(CC(=O)NCc2ccccn2)S(C)(=O)=O)c1C,
447,CC(C(=O)N(C)Cc1ccccc1)N(c1ccccc1)S(C)(=O)=O,
448,Cc1cccc(NC(=O)C(C)N(c2ccccc2)S(C)(=O)=O)c1,
449,CCOC(=O)c1sc(Nc2nc(C)cc(OC)n2)nc1C,
450,CC(C(=O)Nc1ccccc1)N(c1ccccc1)S(C)(=O)=O,
451,CCc1cc2c(OC(=O)N(C)C)ncnc2s1,
452,Cc1ccc(C)c(NC(=O)C(C)N(c2ccccc2)S(C)(=O)=O)c1,
453,Cc1onc(-c2c(Cl)cccc2Cl)c1C(=O)NC(C)(C)CO,
454,O=C(CC1Sc2ccccc2NC1=O)NC1CCCC1,
455,O=C(CSc1nnc(-c2ccccc2O)o1)c1ccccc1,
456,Nc1cccnc1Sc1nc2cccnc2s1,
457,Cc1onc(-c2ccccc2)c1C(=O)Nc1ccc(Cl)cn1,
458,Cc1nc(N2CCCCC2)c2c3c(sc2n1)CCC3,
459,COC(=O)c1ccccc1NC(=O)c1c(-c2ccccc2)noc1C,
460,Cc1onc(-c2ccccc2)c1C(=O)Nc1ccccc1C(N)=O,
461,O=C1Nc2ccc(F)cc2C1(O)Cc1ccccn1,
462,Cn1ncc(C(=O)Nc2ccc(Cl)cc2)c1C(F)(F)F,
463,Cc1nnc(NC(=O)CSc2ccccc2)s1,
464,CCNS(=O)(=O)c1ccc(NC(=O)c2cccnc2)cc1,
465,CC(C)NS(=O)(=O)c1ccc(NC(=O)C2CC3C=CC2C3)cc1,
466,CCN(CC)c1nc(C)nc2c1cnn2CCc1ccccc1,
467,O=C(Nc1cc(N2CCCCC2)ncn1)c1ccc(F)cc1,
468,COc1ccc(N(C(=O)C(C)C)S(=O)(=O)c2cccs2)cc1,
469,COC(=O)C(C)Oc1ccc2c(C)cc(=O)oc2c1,
470,CC(=O)C(C)Sc1nc2ccccc2c(=O)n1-c1ccccc1,
471,CC1CCCCN1c1nc2nonc2nc1N1CCCCC1C,
472,COC(=O)C1=C(C)NC(=O)NC1C1CC=CCC1,
473,COc1ccccc1N1CCN(C(=O)c2ccc(N)cc2)CC1,
474,Cc1onc(-c2c(F)cccc2Cl)c1C(=O)NCc1ccccn1,
475,COC(=O)C1=C(C)NC(=O)NC1c1cccc(OC)c1,
476,O=C1Oc2ccc(Br)cc2CC1C(=O)N1CCCCC1,
477,COc1ccc(CNC(=O)C2CC(=O)N(c3ccc(F)cc3)C2)cc1,
478,CNc1nc2nonc2nc1Nc1ccc(Cl)cc1,
479,CCOC(=O)c1c(NC(=O)c2ccc(C#N)cc2)sc2c1CCC2,
480,N#Cc1c(C(F)(F)F)cc(-c2ccccc2)n(N)c1=O,
481,CCN(CC)C(=O)c1cc2c(n(-c3ccccc3)c1=O)CCCC2=O,
482,CC(O)CNc1ncnc2ccc(Br)cc12,
483,Cn1c(=O)c2c(nc3n2CC(=O)N3c2cccc(Cl)c2)n(C)c1=O,
484,Cc1nn(CC(=O)Nc2ccccc2)c(=O)c2ccccc12,
485,Cc1nn(CC(=O)NCc2ccccc2)c(=O)c2ccccc12,
486,N#Cc1coc2ccc(Br)cc2c1=O,
487,CCOc1nc(N2CCOCC2)nc(N2CCOCC2)n1,
488,C=CCN1C(=O)C(O)(CC(=O)c2cccc(N)c2)c2ccccc21,
489,O=C1c2ccccc2C(O)(Cc2ccccc2)N1Cc1ccco1,
490,COC(=O)Cn1nnnc1-c1ccc(Cl)cc1,
491,CCc1nc2sc(C(N)=O)c(N)c2c2c1CCCC2,
492,CCN1C(=O)C(O)(CC(=O)c2ccccn2)c2ccccc21,
493,CCOC(=O)c1c(C)n(OC)c2ccc3nonc3c12,
494,CCOC(=O)N1CCN(C(=O)COc2ccc(Cl)c(C)c2)CC1,
495,COC(=O)COc1nc2c(c(=O)n(C)c(=O)n2C)n1C,
496,Cc1cccnc1NC(=O)C1CC(=O)N(c2ccc(F)cc2)C1,
497,O=C(c1ccc(Cl)cc1)N1CCN(C(=O)C2CCCCC2)CC1,
498,O=C(C1CCCCC1)N1CCN(C(=O)C2CCCCC2)CC1,
499,COC(=O)c1cc(OCc2c(C)noc2C)cc(C(=O)OC)c1,
